,Country,Location,EventName,Year
0,Australia,Melbourne,Australian Grand Prix,2018
1,Bahrain,Sakhir,Bahrain Grand Prix,2018
2,China,Shanghai,Chinese Grand Prix,2018
3,Azerbaijan,Baku,Azerbaijan Grand Prix,2018
4,Spain,Montmeló,Spanish Grand Prix,2018
5,Monaco,Monte-Carlo,Monaco Grand Prix,2018
6,Canada,Montreal,Canadian Grand Prix,2018
7,France,Le Castellet,French Grand Prix,2018
8,Austria,Spielberg,Austrian Grand Prix,2018
9,UK,Silverstone,British Grand Prix,2018
10,Germany,Hockenheim,German Grand Prix,2018
11,Hungary,Budapest,Hungarian Grand Prix,2018
12,Belgium,Spa,Belgian Grand Prix,2018
13,Italy,Monza,Italian Grand Prix,2018
14,Singapore,Marina Bay,Singapore Grand Prix,2018
15,Russia,Sochi,Russian Grand Prix,2018
16,Japan,Suzuka,Japanese Grand Prix,2018
17,USA,Austin,United States Grand Prix,2018
18,Mexico,Mexico City,Mexican Grand Prix,2018
19,Brazil,São Paulo,Brazilian Grand Prix,2018
20,UAE,Abu Dhabi,Abu Dhabi Grand Prix,2018
0,Australia,Melbourne,Australian Grand Prix,2019
1,Bahrain,Sakhir,Bahrain Grand Prix,2019
2,China,Shanghai,Chinese Grand Prix,2019
3,Azerbaijan,Baku,Azerbaijan Grand Prix,2019
4,Spain,Montmeló,Spanish Grand Prix,2019
5,Monaco,Monte-Carlo,Monaco Grand Prix,2019
6,Canada,Montreal,Canadian Grand Prix,2019
7,France,Le Castellet,French Grand Prix,2019
8,Austria,Spielberg,Austrian Grand Prix,2019
9,UK,Silverstone,British Grand Prix,2019
10,Germany,Hockenheim,German Grand Prix,2019
11,Hungary,Budapest,Hungarian Grand Prix,2019
12,Belgium,Spa,Belgian Grand Prix,2019
13,Italy,Monza,Italian Grand Prix,2019
14,Singapore,Marina Bay,Singapore Grand Prix,2019
15,Russia,Sochi,Russian Grand Prix,2019
16,Japan,Suzuka,Japanese Grand Prix,2019
17,Mexico,Mexico City,Mexican Grand Prix,2019
18,USA,Austin,United States Grand Prix,2019
19,Brazil,São Paulo,Brazilian Grand Prix,2019
20,UAE,Abu Dhabi,Abu Dhabi Grand Prix,2019
0,Spain,Montmeló,Pre-Season Test 1,2020
1,Spain,Montmeló,Pre-Season Test 2,2020
2,Austria,Spielberg,Austrian Grand Prix,2020
3,Austria,Spielberg,Styrian Grand Prix,2020
4,Hungary,Budapest,Hungarian Grand Prix,2020
5,UK,Silverstone,British Grand Prix,2020
6,UK,Silverstone,70th Anniversary Grand Prix,2020
7,Spain,Montmeló,Spanish Grand Prix,2020
8,Belgium,Spa,Belgian Grand Prix,2020
9,Italy,Monza,Italian Grand Prix,2020
10,Italy,Mugello,Tuscan Grand Prix,2020
11,Russia,Sochi,Russian Grand Prix,2020
12,Germany,Nürburg,Eifel Grand Prix,2020
13,Portugal,Portimão,Portuguese Grand Prix,2020
14,Italy,Imola,Emilia Romagna Grand Prix,2020
15,Turkey,Istanbul,Turkish Grand Prix,2020
16,Bahrain,Sakhir,Bahrain Grand Prix,2020
17,Bahrain,Sakhir,Sakhir Grand Prix,2020
18,UAE,Abu Dhabi,Abu Dhabi Grand Prix,2020
0,Bahrain,Sakhir,Pre-Season Test,2021
1,Bahrain,Sakhir,Bahrain Grand Prix,2021
2,Italy,Imola,Emilia Romagna Grand Prix,2021
3,Portugal,Portimão,Portuguese Grand Prix,2021
4,Spain,Montmeló,Spanish Grand Prix,2021
5,Monaco,Monte-Carlo,Monaco Grand Prix,2021
6,Azerbaijan,Baku,Azerbaijan Grand Prix,2021
7,France,Le Castellet,French Grand Prix,2021
8,Austria,Spielberg,Styrian Grand Prix,2021
9,Austria,Spielberg,Austrian Grand Prix,2021
10,UK,Silverstone,British Grand Prix,2021
11,Hungary,Budapest,Hungarian Grand Prix,2021
12,Belgium,Spa,Belgian Grand Prix,2021
13,Netherlands,Zandvoort,Dutch Grand Prix,2021
14,Italy,Monza,Italian Grand Prix,2021
15,Russia,Sochi,Russian Grand Prix,2021
16,Turkey,Istanbul,Turkish Grand Prix,2021
17,USA,Austin,United States Grand Prix,2021
18,Mexico,Mexico City,Mexico City Grand Prix,2021
19,Brazil,São Paulo,São Paulo Grand Prix,2021
20,Qatar,Al Daayen,Qatar Grand Prix,2021
21,Saudi Arabia,Jeddah,Saudi Arabian Grand Prix,2021
22,UAE,Abu Dhabi,Abu Dhabi Grand Prix,2021
0,Spain,Spain,Pre-Season Track Session,2022
1,Bahrain,Bahrain,Pre-Season Test,2022
2,Bahrain,Sakhir,Bahrain Grand Prix,2022
3,Saudi Arabia,Jeddah,Saudi Arabian Grand Prix,2022
4,Australia,Melbourne,Australian Grand Prix,2022
5,Italy,Imola,Emilia Romagna Grand Prix,2022
6,United States,Miami,Miami Grand Prix,2022
7,Spain,Barcelona,Spanish Grand Prix,2022
8,Monaco,Monaco,Monaco Grand Prix,2022
9,Azerbaijan,Baku,Azerbaijan Grand Prix,2022
10,Canada,Montreal,Canadian Grand Prix,2022
11,Great Britain,Silverstone,British Grand Prix,2022
12,Austria,Spielberg,Austrian Grand Prix,2022
13,France,Le Castellet,French Grand Prix,2022
14,Hungary,Budapest,Hungarian Grand Prix,2022
15,Belgium,Spa-Francorchamps,Belgian Grand Prix,2022
16,Netherlands,Zandvoort,Dutch Grand Prix,2022
17,Italy,Monza,Italian Grand Prix,2022
18,Singapore,Marina Bay,Singapore Grand Prix,2022
19,Japan,Suzuka,Japanese Grand Prix,2022
20,United States,Austin,United States Grand Prix,2022
21,Mexico,Mexico City,Mexico City Grand Prix,2022
22,Brazil,São Paulo,São Paulo Grand Prix,2022
23,Abu Dhabi,Abu Dhabi,Abu Dhabi Grand Prix,2022
